Name,Griddy AV
Eli Manning,36.0
Alex Smith,18.0
Matthew Stafford,320.0
Sam Bradford,2.0
Cam Newton,128.0
Terrelle Pryor,4.0
Andrew Luck,32.0
Josh Gordon,26.0
Eric Fisher,176.0
Jadeveon Clowney,154.0
Jameis Winston,138.0
Jared Goff,384.0
Myles Garrett,404.0
Adonis Alexander,2.0
Baker Mayfield,288.0
Sam Beal,4.0
Jalen Thompson,149.74
Kyler Murray,385.74
Joe Burrow,409.22
Trevor Lawrence,350.44
Travon Walker,317.4
Julius Peppers,8.0
Chris Long,4.0
Ndamukong Suh,164.0
Von Miller,194.0
Robert Griffin III,14.0
Greg Robinson,32.0
Marcus Mariota,154.0
Carson Wentz,248.0
Mitchell Trubisky,140.0
Saquon Barkley,220.0
Nick Bosa,351.5
Chase Young,180.5
Zach Wilson,209.0
Aidan Hutchinson,295.0
Larry Fitzgerald,62.0
Matt Ryan,312.0
Gerald McCoy,36.0
Marcell Dareus,24.0
Dion Jordan,22.0
Blake Bortles,12.0
Dante Fowler,116.0
Joey Bosa,202.0
Solomon Thomas,24.0
Sam Darnold,150.0
Quinnen Williams,294.32
Jeff Okudah,122.96000000000001
Trey Lance,155.92000000000002
Derek Stingley Jr.,233.2
Philip Rivers,158.0
Trent Williams,324.0
A.J. Green,120.0
Lane Johnson,302.0
Sammy Watkins,118.0
Amari Cooper,272.0
Ezekiel Elliott,240.0
Leonard Fournette,218.0
Denzel Ward,184.0
Clelin Ferrell,95.48
Andrew Thomas,254.44
Kyle Pitts,220.88
Sauce Gardner,334.8
Eric Berry,0.0
Patrick Peterson,178.0
Ezekiel Ansah,12.0
Khalil Mack,296.0
Brandon Scherff,212.0
Jalen Ramsey,338.0
Corey Davis,172.0
Bradley Chubb,186.0
Devin White,322.86
Tua Tagovailoa,262.58
Ja'Marr Chase,327.15999999999997
Kayvon Thibodeaux,258.6
Adam Jones,2.0
Vernon Davis,10.0
Andre Smith,14.0
Russell Okung,52.0
Julio Jones,160.0
Morris Claiborne,16.0
Barkevious Mingo,36.0
Jake Matthews,246.0
Leonard Williams,220.0
Ronnie Stanley,158.0
Jamal Adams,170.0
Quenton Nelson,316.0
Daniel Jones,314.14
Justin Herbert,416.42
Jaylen Waddle,284.84000000000003
Ikem Ekwonu,251.4
Adrian Peterson,76.0
Joe Haden,124.0
Aldon Smith,48.0
Mark Barron,34.0
Jonathan Cooper,4.0
Mike Evans,254.0
Kevin White,2.0
DeForest Buckner,326.0
Mike Williams,238.0
Josh Allenqb,516.0
Josh Allen,195.66
Derrick Brown,216.98
Penei Sewell,291.96
Evan Neal,236.6
Ryan Tannehill,336.0
Tavon Austin,20.0
Vic Beasley,36.0
Jack Conklin,220.0
Christian McCaffrey,300.0
Roquan Smith,388.0
T.J. Hockenson,184.88
Isaiah Simmons,196.64
Jaycee Horn,159.28
Drake London,258.8
Ted Ginn Jr.,22.0
Tyron Smith,140.0
Luke Kuechly,76.0
Anthony Barr,160.0
Ereck Flowers,122.0
Leonard Floyd,262.0
John Ross,32.0
Mike McGlinchey,206.0
Ed Oliver,238.4
C.J. Henderson,141.2
Patrick Surtain II,294.4
Charles Cross,254.0
Terrell Suggs,40.0
Michael Crabtree,10.0
Tyson Alualu,80.0
Blaine Gabbert,10.0
Stephon Gilmore,244.0
Chance Warmack,2.0
Eric Ebron,64.0
Todd Gurley,92.0
Eli Apple,136.0
Patrick Mahomes,548.0
Josh Rosen,8.0
Devin Bush Jr.,178.06
Jedrick Wills Jr.,224.18
DeVonta Smith,306.36
Garrett Wilson,240.6
Ben Roethlisberger,164.0
J.J. Watt,176.0
Dontari Poe,46.0
D.J. Fluker,68.0
Taylor Lewan,126.0
Trae Waynes,26.0
Vernon Hargreaves III,74.0
Marshon Lattimore,190.0
Minkah Fitzpatrick,314.0
Jonah Williams,221.8
Mekhi Becton,77.4
Justin Fields,302.8
Chris Olave,238.0
Haloti Ngata,8.0
Marshawn Lynch,6.0
Fletcher Cox,278.0
D.J. Hayden,24.0
Odell Beckham Jr.,118.0
Danny Shelton,84.0
Sheldon Rankins,116.0
Deshaun Watson,232.0
Vita Vea,222.0
Rashan Gary,136.92
Henry Ruggs III,100.75999999999999
Micah Parsons,423.52
Brian Orakpo,14.0
Brandon Graham,146.0
Michael Floyd,2.0
Sheldon Richardson,124.0
Aaron Donald,448.0
Andrus Peat,166.0
Laremy Tunsil,208.0
Haason Reddick,266.0
Daron Payne,278.0
Christian Wilkins,224.68
Tristan Wirfs,336.04
Rashawn Slater,220.07999999999998
Jordan Davis,176.8
Thomas Davis,48.0
Malcolm Jenkins,130.0
Earl Thomas,36.0
Robert Quinn,198.0
Michael Brockers,170.0
Star Lotulelei,94.0
Kyle Fuller,140.0
DeVante Parker,154.0
Karl Joseph,36.0
Derek Barnett,112.0
Marcus Davenport,130.0
Chris Lindstrom,226.5
Javon Kinlaw,131.5
Alijah Vera-Tucker,147.0
Kyle Hamilton,165.0
Derrick Johnson,2.0
Jason Pierre-Paul,218.0
Mike Pouncey,30.0
Bruce Irvin,82.0
Kenny Vaccaro,60.0
Melvin Gordon,168.0
Corey Coleman,2.0
Malik Hooker,82.0
Kolton Miller,232.0
Dwayne Haskins,32.08
Jerry Jeudy,180.24
Mac Jones,276.48
Kenyon Green,190.8
Dominique Rodgers-Cromartie,2.0
Derrick Morgan,12.0
Ryan Kerrigan,70.0
Zack Martin,364.0
Kevin Johnson,20.0
Taylor Decker,218.0
Marlon Humphrey,292.0
Tremaine Edmunds,276.0
Brian Burns,255.86
AJ Terrell,191.57999999999998
Zaven Collins,167.16
Jahan Dotson,178.6
Sebastian Janikowski,6.0
Mike Iupati,64.0
Nate Solder,96.0
Dre Kirkpatrick,58.0
C.J. Mosley,216.0
Arik Armstead,202.0
Keanu Neal,98.0
Jonathan Allen,298.0
Derwin James,148.0
Dexter Lawrence,259.54
CeeDee Lamb,314.62
Alex Leatherwood,145.24
Zion Johnson,215.4
Leon Hall,2.0
Joe Flacco,64.0
Maurkice Pouncey,90.0
Corey Liuget,14.0
Melvin Ingram,148.0
Eric Reid,28.0
Marcus Peters,174.0
Ryan Kelly,232.0
Adoree' Jackson,102.0
Jaire Alexander,198.0
Garrett Bradbury,177.12
Austin Jackson,141.36
Jaelan Phillips,188.72
Treylon Burks,171.2
Prince Amukamara,40.0
Justin Pugh,160.0
Ja'Wuan James,16.0
Cameron Erving,96.0
Shaq Lawson,120.0
O.J. Howard,48.0
Leighton Vander Esch,206.0
Jeffery Simmons,322.98
Damon Arnette,50.94
Jamin Davis,189.88
Trevor Penning,139.8
Aqib Talib,14.0
Kareem Jackson,180.0
Adrian Clayborn,24.0
Kyle Long,12.0
Brandin Cooks,214.0
Nelson Agholor,142.0
Darron Lee,22.0
Garett Bolles,174.0
Frank Ragnow,208.0
Noah Fant,146.78
K'Lavon Chaisson,92.34
Kadarius Toney,120.68
Kenny Pickett,197.8
Reggie Nelson,6.0
Alex Mack,164.0
Jermaine Gresham,2.0
Chandler Jones,224.0
Tyler Eifert,34.0
Ha Ha Clinton-Dix,44.0
Cedric Ogbuehi,50.0
Will Fuller,74.0
Jarrad Davis,64.0
Billy Price,122.0
Darnell Savage Jr.,148.68
Jalen Reagor,96.03999999999999
Kwity Paye,192.07999999999998
Trent McDuffie,156.8
Demaryius Thomas,22.0
Anthony Castonzo,86.0
Desmond Trufant,34.0
Bud Dupree,168.0
Josh Doctson,8.0
Charles Harris,90.0
Rashaan Evans,206.0
Andre Dillard,58.56
Justin Jefferson,369.68
Caleb Farley,85.36
Quay Walker,195.6
Bryan Bulaga,82.0
Riley Reiff,198.0
Dee Ford,32.0
Shane Ray,2.0
Laquon Treadwell,36.0
Evan Engram,150.0
Isaiah Wynn,142.0
Tytus Howard,184.26
Kenneth Murray,170.78
Christian Darrisaw,183.56
Kaiir Elam,152.6
Aaron Rodgers,440.0
Johnathan Joseph,38.0
Dez Bryant,6.0
Cameron Jordan,372.0
David DeCastro,92.0
Darqueze Dennard,26.0
D.J. Humphries,220.0
William Jackson III,96.0
Gareon Conley,26.0
D.J. Moore,260.0
Josh Jacobs,298.1
Cesar Ruiz,174.3
Najee Harris,212.6
Tyler Smith,201.0
Vontae Davis,0.0
James Carpenter,82.0
Dont'a Hightower,148.0
Xavier Rhodes,108.0
Jason Verrett,30.0
Shaq Thompson,198.0
Artie Burns,26.0
Jabrill Peppers,102.0
Hayden Hurst,108.0
Marquise Brown,222.02
Brandon Aiyuk,238.06
Travis Etienne,182.12
Tyler Linderbaum,190.2
Duane Brown,242.0
Clay Matthews,34.0
Whitney Mercilus,76.0
Breshad Perriman,66.0
Takkarist McKinley,60.0
Calvin Ridley,124.0
Montez Sweat,217.84
Jordan Love,61.52
Greg Newsome II,135.04000000000002
Jermaine Johnson II,128.4
Devin McCourty,200.0
Jimmy Smith,36.0
Kevin Zeitler,180.0
DeAndre Hopkins,250.0
Deone Bucannon,24.0
Byron Jones,118.0
Kenny Clark,252.0
Tre'Davious White,208.0
Rashaad Penny,80.0
Johnathan Abram,103.64
Jordyn Brooks,186.92000000000002
Rashod Bateman,131.84
Devin Lloyd,196.4
Marcedes Lewis,36.0
Joe Staley,30.0
Mark Ingram,140.0
Nick Perry,8.0
Sylvester Williams,6.0
Kelvin Benjamin,4.0
Laken Tomlinson,218.0
Joshua Garnett,0.0
Taco Charlton,30.0
Terrell Edmunds,164.0
Jerry Tillery,133.54
Patrick Queen,250.62
Harrison Smith,200.0
Cordarrelle Patterson,176.0
Dominique Easley,2.0
Phillip Dorsett,46.0
Robert Nkemdiche,16.0
David Njoku,114.0
Taven Bryan,112.0
L.J. Collier,69.34
Eric Stokes,120.04
Cole Strange,183.4
Muhammad Wilkerson,2.0
Alec Ogletree,92.0
Jimmie Ward,128.0
Damarious Randall,34.0
Vernon Butler,60.0
T.J. Watt,386.0
Mike Hughes,62.0
Deandre Baker,39.2
Noah Igbinoghene,63.6
Gregory Rousseau,217.2
George Karlaftis III,182.0
Greg Olsen,34.0
Jerry Hughes,264.0
Cameron Heyward,418.0
Doug Martin,10.0
Travis Frederick,44.0
Bradley Roby,94.0
Stephone Anthony,6.0
Germain Ifedi,118.0
Reuben Foster,6.0
Sony Michel,116.0
Kaleb McGary,221.12
Jeff Gladney,63.36
Odafe Oweh,130.72
Daxton Hill,131.2
Drew Brees,136.0
Ben Watson,12.0
Patrick Robinson,16.0
Teddy Bridgewater,198.0
Malcom Brown,140.0
Emmanuel Ogbah,150.0
Ryan Ramczyk,296.0
Lamar Jackson,432.0
N'Keal Harry,59.04
Clyde Edwards-Helaire,151.12
Joe Tryon-Shoyinka,178.24
Rodger Saffold,296.0
Johnathan Cyprien,0.0
Xavier Su'a-Filo,30.0
Landon Collins,100.0
Kevin King,68.0
Austin Corbett,186.0
Byron Murphy,150.7
Tee Higgins,254.1
Tyson Campbell,174.2
Logan Hall,127.0
Patrick Chung,34.0
DeMarcus Lawrence,262.0
Donovan Smith,240.0
Jaylon Smith,180.0
Cam Robinson,178.0
Will Hernandez,166.0
Rock Ya-Sin,102.64
Michael Pittman Jr.,227.92000000000002
Elijah Moore,125.84
Christian Watson,176.4
Andy Dalton,180.0
Zach Ertz,158.0
Joel Bitonio,370.0
Mario Edwards,60.0
Hunter Henry,138.0
Malik McDowell,48.0
Nick Chubb,314.0
Jawaan Taylor,208.52
D'Andre Swift,203.56
Javonte Williams,127.12
Roger McCreary,165.2
Jordy Nelson,12.0
Derek Wolfe,74.0
Darius Slay,228.0
Derek Carr,366.0
T.J. Yeldon,14.0
Myles Jack,184.0
Budda Baker,276.0
Shaquille Leonard,298.0
Deebo Samuel,260.36
Xavier McKinney,129.07999999999998
Jevon Holland,170.16
Breece Hall,143.6
Eric Weddle,46.0
Jabaal Sheard,50.0
Mitchell Schwartz,116.0
Giovani Bernard,52.0
Devin Smith,4.0
Chris Jones,390.0
Zay Jones,142.0
Braden Smith,202.0
Greg Little,76.28
Kyle Dugger,156.84
Landon Dickerson,209.68
Jalen Pitre,172.8
Andre Branch,4.0
Manti Te'o,6.0
Austin Seferian-Jenkins,2.0
Preston Smith,230.0
Xavien Howard,306.0
Forrest Lamp,46.0
Ronald Jones II,110.0
Cody Ford,110.12
Yetur Gross-Matos,154.36
Christian Barmore,104.72
Arnold Ebiketie,121.2
Jackrabbit Jenkins,98.0
Geno Smith,166.0
Eddie Goldman,78.0
Noah Spence,2.0
Marcus Maye,120.0
James Daniels,164.0
Sean Murphy-Bunting,110.0
Robert Hunt,188.0
Teven Jenkins,118.0
Kyler Gordon,140.0
Bruce Carter,2.0
Amini Silatolu,2.0
Tank Carradine,0.0
Kyle Van Noy,246.0
Sterling Shepard,90.0
Curtis Samuel,138.0
Courtland Sutton,152.0
Trayvon Mullen,67.86
Ross Blacklock,61.58
Richie Grant,127.16
Boye Mafe,118.6
Jarvis Jenkins,2.0
Cordy Glenn,22.0
Robert Woods,186.0
Lamarcus Joyner,102.0
Devin Funchess,10.0
Reggie Ragland,96.0
Dalvin Cook,322.0
Harold Landry,172.0
Dalton Risner,167.5
Jonathan Taylor,280.5
Levi Onwuzurike,65.0
Kenneth Walker III,175.0
Rob Gronkowski,104.0
Brooks Reed,16.0
Jordan Matthews,4.0
Kamalei Correa,34.0
Marcus Williams,158.0
Mike Gesicki,134.0
Drew Lock,81.44
Laviska Shenault Jr.,120.32
Liam Eichenberg,162.64
Andrew Booth,104.4
Kyle Rudolph,60.0
Weston Richburg,44.0
Benardrick McKinney,70.0
Austin Johnson,128.0
Sidney Jones,70.0
Kerryon Johnson,40.0
Jahlani Tavai,135.34
Cole Kmet,150.02
Tre'von Moehrig,136.04
Wan'Dale Robinson,113.4
Jeff Allen,8.0
Kawann Short,26.0
Jihad Ward,76.0
Gerald Everett,126.0
Dante Pettis,56.0
Elgton Jenkins,243.2
Grant Delpit,111.6
Kelvin Joseph,73.2
Zane Beadles,6.0
Alshon Jeffery,34.0
Kevin Minter,44.0
Paul Richardson,12.0
Eric Kendricks,232.0
Derrick Henry,328.0
Adam Shaheen,18.0
Josh Jackson,34.0
Joejuan Williams,13.14
Antoine Winfield Jr.,177.42000000000002
Walker Little,92.84
Connor Barwin,4.0
Linval Joseph,152.0
Mychal Kendricks,28.0
Kiko Alonso,22.0
Stephon Tuitt,80.0
Jaquiski Tartt,80.0
A'Shawn Robinson,124.0
Quincy Wilson,4.0
Breeland Speaks,6.0
Greedy Williams,48.72
KJ Hamler,62.16
Jackson Carman,84.32
Josh Paschal,107.2
Mike Nugent,8.0
Mike Mitchell,4.0
Lance Kendricks,2.0
Bobby Wagner,408.0
Trent Murphy,90.0
Eric Rowe,98.0
Michael Thomas,124.0
Tyus Bowser,124.0
Christian Kirk,246.0
Marquise Blair,16.6
Marlon Davidson,47.8
Asante Samuel Jr.,125.6
Stefen Wisniewski,16.0
Tavon Wilson,20.0
Le'Veon Bell,38.0
Timmy Jernigan,18.0
Denzel Perryman,186.0
Jason Spriggs,10.0
Joe Mixon,238.0
Uchenna Nwosu,164.0
Erik McCoy,170.56
Darrell Taylor,79.68
Aaron Banks,129.36
Jaquan Brisker,125.6
DeSean Jackson,80.0
Max Unger,26.0
Johnathan Hankins,152.0
Mitch Morse,238.0
Jarran Reed,202.0
Ryan Anderson,20.0
Dallas Goedert,190.0
Ben Banogu,36.38
Chase Claypool,179.14
Rondale Moore,120.28
Alontae Taylor,113.8
Calais Campbell,246.0
Marcus Gilchrist,10.0
Jonathan Bostic,138.0
Jeremiah Attaochu,36.0
Ronald Darby,120.0
Nick Martin,110.0
Justin Evans,28.0
Connor Williams,202.0
Irv Smith Jr.,58.32
Jaylon Johnson,124.96000000000001
Azeez Ojulari,135.92000000000002
Tyquan Thornton,103.2
Andy Levitre,2.0
David Amerson,4.0
Nate Orchard,4.0
DeMarcus Walker,84.0
Anthony Miller,52.0
A.J. Brown,350.28
Trevon Diggs,258.84
Samuel Cosmi,111.68
Cam Jurgens,92.8
Zach Brown,24.0
Jamie Collins,142.0
Jordan Phillips,110.0
Deion Jones,164.0
DeShone Kizer,2.0
Kemoko Turay,6.0
Drew Sample,34.18
Cam Akers,108.53999999999999
Jeremiah Owusu-Koramoah,121.08
George Pickens,151.8
LeSean McCoy,34.0
Margus Hunt,42.0
Davante Adams,412.0
Jake Fisher,2.0
Su'a Cravens,2.0
Teez Tabor,4.0
M.J. Stewart,14.0
Miles Sanders,232.06
Jalen Hurts,384.18
Dillon Radunz,76.36
Alec Pierce,120.6
Carlos Dunlap,118.0
Jamar Taylor,18.0
Ameer Abdullah,58.0
Mackensie Alexander,54.0
Raekwon McMillan,66.0
Jessie Bates III,222.0
Lonnie Johnson Jr.,65.98
A.J. Epenesa,73.94
Dayo Odeyingbo,85.88
Skyy Moore,99.8
Andrew Whitworth,150.0
Sean Lee,40.0
Rodney Hudson,172.0
Vance McDonald,24.0
Maxx Williams,26.0
Tyler Boyd,234.0
Dalvin Tomlinson,204.0
Donte Jackson,130.0
Max Scharping,111.9
J.K. Dobbins,105.7
Pat Freiermuth,139.4
Trey McBride,99.0
Cody Latimer,10.0
Cody Whitehair,186.0
Duke Dawson,14.0
Mecole Hardman,157.88
Raekwon Davis,181.64
D'Wayne Eskridge,65.28
Sam Williams,98.8
Chad Henne,6.0
Brock Osweiler,6.0
D.J. Swearinger,26.0
Carlos Hyde,72.0
Rob Havenstein,242.0
T.J. Green,8.0
Zach Cunningham,156.0
P.J. Hall,44.0
JJ Arcega-Whiteside,17.56
Van Jefferson,128.68
Tutu Atwell,75.36
Luke Goedeke,105.6
Torrey Smith,4.0
Lavonte David,268.0
Markus Golden,160.0
Sean Davis,24.0
Ethan Pocic,140.0
Isaiah Oliver,74.0
Trysten Hill,41.519999999999996
Ezra Cleveland,170.56
Nick Bolton,163.12
Troy Andersen,105.2
Ryan Kalil,24.0
Vinny Curry,46.0
Ty Sambrailo,44.0
Tanoh Kpassagnon,118.0
Derrius Guice,8.0
Parris Campbell,83.4
Denzel Mims,58.2
Terrace Marshall Jr.,92.4
Ed Ingram,144.0
Golden Tate,50.0
Kelechi Osemele,24.0
Robert Alford,24.0
Kony Ealy,0.0
Randy Gregory,80.0
Cyrus Jones,8.0
Chidobe Awuzie,116.0
James Washington,58.0
Nasir Adderley,119.3
Josh Uche,57.9
Pete Werner,133.8
Cam Taylor-Britt,113.0
Vlad Ducasse,6.0
Allen Robinson,170.0
Ali Marpet,162.0
Vonn Bell,190.0
Josh Jones,56.0
DJ Chark,118.0
Taylor Rapp,141.28
Kristian Fulton,109.84
Boogie Basham,71.68
Drake Jackson,92.8
Casey Hayward,118.0
Jimmy Garoppolo,278.0
James Bradberry,256.0
JuJu Smith-Schuster,170.0
Brian O'Neill,256.0
Andy Isabella,27.22
AJ Dillon,175.66
Josh Myers,157.32
Bryan Cook,82.2
Marcus Gilbert,4.0
Travis Kelce,360.0
Jarvis Landry,170.0
Frank Clark,248.0
Adam Gotsis,100.0
Dion Dawkins,308.0
Carlton Davis,146.0
Juan Thornhill,131.12
Willie Gay Jr.,145.36
Creed Humphrey,244.72
James Cook,121.2
Randall Cobb,130.0
Dwayne Allen,0.0
Justin Britt,56.0
Jordan Richards,18.0
Kevin Byard,248.0
Taylor Moton,214.0
Tyquan Lewis,64.0
D.K. Metcalf,288.76
Jeremy Chinn,248.28
Nik Bonitto,87.6
Frank Gore,50.0
John Greco,8.0
Terrell McClain,4.0
Trumaine Johnson,18.0
Larry Warford,64.0
Carl Nassib,72.0
Larry Ogunjobi,214.0
Brandon Parker,82.0
Zach Allen,140.7
Logan Wilson,176.1
Andre Cisco,116.2
Luke Fortner,147.0
Josh Robinson,2.0
Morgan Moses,208.0
Ahkello Witherspoon,48.0
Lorenzo Carter,186.0
Diontae Johnson,220.64
Antonio Gibson,179.92000000000002
Brian Asamoah,76.4
Bennie Logan,2.0
Billy Turner,180.0
A.J. Cann,126.0
Maliek Collins,184.0
Alvin Kamara,302.0
Chad Thomas,20.0
Julian Okwara,45.739999999999995
Davis Mills,165.48
Joshua Ezeudu,75.8
Kelvin Sheppard,2.0
Will Redmond,14.0
Dawuane Smoot,94.0
Justin Reid,136.0
Jachai Polite,12.54
Ashtyn Davis,65.62
Jalen Mayfield,95.24000000000001
Martin Emerson,85.4
Jason Witten,16.0
Jared Veldheer,10.0
Tyrann Mathieu,254.0
Tyler Lockett,294.0
Yannick Ngakoue,196.0
Cooper Kupp,314.0
B.J. Hill,142.0
Josh Oliver,24.36
Damien Lewis,185.07999999999998
Joseph Ossai,68.16
Nicholas Petit-Frere,123.6
Michael Johnson,12.0
Ed Dickson,2.0
Justin Houston,176.0
Bryan Anger,78.0
Blidi Wreh-Wilson,4.0
Bronson Kaufusi,4.0
Pat Elflein,100.0
Fred Warner,398.0
Darrell Henderson,112.24
Brandon Jones,90.72
Brady Christensen,131.44
Chad Muma,82.4
Morgan Burnett,14.0
Josh LeRibeus,4.0
T.J. McDonald,10.0
Christian Kirksey,178.0
Hroniss Grasu,18.0
Darian Thompson,28.0
Dan Feeney,128.0
Royce Freeman,58.0
Dre'Mont Jones,154.18
Justin Madubuike,148.54
Aaron Robinson,55.08
Velus Jones Jr.,81.8
Olivier Vernon,68.0
Brian Winters,54.0
Jamon Brown,30.0
Jonathan Bullard,58.0
Taywan Taylor,8.0
Nathan Shepherd,50.0
Germaine Pratt,222.16
Josh Jones,128.48
Alim McNeill,120.96000000000001
Abraham Lucas,151.6
Jamaal Charles,0.0
John Jerry,8.0
Stevan Ridley,2.0
Mike Glennon,0.0
Preston Brown,22.0
Tevin Coleman,72.0
Kenyan Drake,154.0
Jordan Willis,20.0
Jerome Baker,214.0
David Montgomery,218.1
DaVon Hamilton,128.3
Milton Williams,52.6
Jelani Woods,81.0
Jay Bromley,0.0
KeiVarae Russell,2.0
Chris Wormley,104.0
Geron Christian,60.0
Devin Singletary,226.0
Zack Baun,70.0
Benjamin St-Juste,76.0
Desmond Ridder,90.0
Russell Wilson,376.0
Terron Armstead,240.0
Shilique Calhoun,14.0
Duke Riley,80.0
Derrick Nnadi,178.0
Jace Sternberger,11.96
Jonah Jackson,193.88
Osa Odighizuwa,163.76
Christian Harris,119.6
Brandon Brooks,68.0
Keenan Allen,260.0
Travis Swanson,8.0
Chris Conley,66.0
Alex Anzalone,148.0
Mason Rudolph,26.0
Terry McLaurin,243.94
Paulson Adebo,123.64
Travis Jones,79.4
Jurrell Casey,74.0
Demario Davis,424.0
Duke Johnson,70.0
Daryl Worley,26.0
Daeshon Hall,4.0
Sam Hubbard,220.0
Chase Winovich,53.92
Michael Ojemudia,41.760000000000005
Josh Palmer,119.52000000000001
Bernhard Raimann,109.2
Brandon LaFell,2.0
Marquise Goodwin,78.0
Spencer Long,14.0
P.J. Williams,82.0
Joe Thuney,286.0
Tim Williams,2.0
Malik Jefferson,12.0
Michael Deiter,69.86
Matt Hennessy,97.58
Alex Wright,88.6
Terrence Brooks,20.0
Eli Harold,2.0
Isaac Seumalo,142.0
Rasheem Green,118.0
David Long,51.84
Malcolm Koonce,45.04
Alex Carter,0.0
Tarell Basham,76.0
Martinas Rankin,24.0
Sione Takitaki,111.78
Lynn Bowden Jr.,29.34
Divine Deablo,104.68
Greg Dulcich,87.8
Josh McCown,4.0
Richie Incognito,26.0
Earl Mitchell,10.0
Tyrone Crawford,30.0
Damontre Moore,6.0
Gabe Jackson,204.0
John Miller,90.0
Austin Hooper,124.0
Fabian Moreau,112.0
Michael Gallup,158.0
Will Harris,87.66
Bryan Edwards,60.980000000000004
Cordale Flott,76.6
Emmanuel Sanders,136.0
John Jenkins,32.0
Le'Raven Clark,36.0
Tracy Walker,62.0
Nate Davis,165.48
Neville Gallimore,76.44
Dyami Brown,50.88
DeAngelo Malone,64.8
Corey Peters,122.0
Mohamed Sanu,62.0
Logan Ryan,146.0
Jordan Jenkins,84.0
Derek Rivers,22.0
Orlando Brown Jr.,370.0
Justin Layne,23.42
Lloyd Cushenberry III,138.26
Tommy Tremble,52.52
Nakobe Dean,64.2
Mason Foster,18.0
Shawn Williams,30.0
Kareem Martin,6.0
Jordan Hicks,222.0
Kendall Fuller,158.0
Chris Godwin,250.0
Justin Jones,168.0
Khalen Saunders,33.14
Terrell Lewis,57.42
Chauncey Golston,56.84
DeMarvin Leal,71.4
Brandon Mebane,36.0
Colt McCoy,52.0
Jordan Reed,20.0
Tyler Kroft,28.0
Rashaan Gaulden,2.0
Jaylon Ferguson,45.08
Julian Blackmon,101.24
Amari Rodgers,48.480000000000004
Marcus Jones,150.8
Marshal Yanda,86.0
Allen Bailey,44.0
David Johnson,98.0
Leonte Carroo,2.0
Kareem Hunt,170.0
Mark Andrews,262.0
Zack Moss,101.24
Phillip Gaines,14.0
Sammie Coates,0.0
Nick Vigil,106.0
Arden Key,64.0
Damien Harris,129.0
Anfernee Jennings,63.0
Kendrick Green,70.0
Andre Roberts,14.0
Nick Foles,52.0
Will Clarke,0.0
Danielle Hunter,206.0
Kyler Fackrell,62.0
Oren Burks,52.0
Cody Barton,91.0
Jordan Elliott,107.0
Trey Sermon,38.0
Jared Cook,112.0
Shareece Wright,4.0
Akiem Hicks,154.0
Sean Mannion,8.0
Javon Hargrave,242.0
D'Onta Foreman,106.0
Joseph Noteboom,76.0
Bobby Okereke,180.92
Cameron Dantzler,92.76
Nico Collins,93.52
Terrel Bernard,69.2
Matt Schaub,8.0
Kayvon Webster,2.0
Donte Moncrief,8.0
Carl Davis,60.0
C.J. Prosise,4.0
Shaquill Griffin,126.0
Deadrin Senat,20.0
Connor McGovern,122.78
Jonathan Greenard,90.34
Patrick Jones II,46.68
Dylan Parham,117.8
Frostee Rucker,10.0
Duron Harmon,142.0
John Brown,72.0
Chaz Green,14.0
Jacoby Brissett,156.0
John Johnson,158.0
Tre'Quan Smith,86.0
Trey Pipkins,130.64
Anthony Schwartz,45.84
Rachaad White,86.4
Shawn Lauvao,4.0
Joe Barksdale,4.0
T.Y. Hilton,116.0
Trai Turner,168.0
Jeff Heuerman,8.0
Brandon Williams,2.0
Jourdan Lewis,104.0
Chukwuma Okorafor,178.0
Chuma Edoga,38.62
Devin Duvernay,113.86
Monty Rice,73.72
Chris Conte,2.0
Brandon Linder,76.0
Henry Anderson,64.0
Cody Kessler,4.0
Montravius Adams,82.0
Ronnie Harrison,102.0
Miles Boykin,34.54
Darrynton Evans,29.619999999999997
Spencer Brown,165.24
Tyrion Davis-Price,55.4
Brandon Williams,144.0
Ty Montgomery,24.0
Nick Vannett,10.0
Cameron Sutton,122.0
Alex Cappa,230.0
Jamel Dean,122.5
Josiah Deguara,39.5
Ben Cleveland,53.0
Jimmy Graham,58.0
Tony Bergstrom,20.0
Michael Schofield,148.0
Graham Glasgow,132.0
Lano Hill,12.0
Tarvarius Moore,44.0
Oshane Ximines,54.36
McTelvin Agim,27.08
Robert Hainsey,94.16
Zachary Carter,93.6
Jerick McKinnon,102.0
Kenny Golladay,112.0
Harrison Phillips,134.0
Dawson Knox,132.34
Lucas Niang,71.02
Nick Cross,63.4
Lamar Miller,16.0
Mason Cole,146.0
Bobby Evans,48.26
Jacob Phillips,52.78
Tre' McKitty,35.56
Kerby Joseph,92.6
Matt Barkley,12.0
Richard Rodgers,18.0
Steven Nelson,160.0
Justin Simmons,302.0
Chad Williams,2.0
Jordan Akins,94.0
Quincy Williams,126.26
Malik Harrison,100.78
Quinn Meinerz,97.56
Brian Robinson Jr.,72.6
Dustin Colquitt,26.0
K.J. Wright,110.0
Ben Jones,208.0
Joe Schobert,150.0
Rasul Douglas,114.0
Isaac Yiadom,42.0
Mike Edwards,112.24
Matt Peart,44.72
David Bell,62.4
Everson Griffen,88.0
Da'Norris Searcy,2.0
Travis Benjamin,4.0
Akeem Spence,26.0
Angelo Blackson,114.0
Jonnu Smith,94.0
Dorian O'Daniel,22.0
Will Grier,8.219999999999999
Tanner Muse,22.66
Elijah Molden,49.32
Myjai Sanders,62.2
Clint Boling,16.0
Jaylen Watkins,8.0
Trey Flowers,82.0
Ian Thomas,30.0
Yodny Cajuste,40.0
Ifeatu Melifonwu,42.0
Kirk Cousins,398.0
Bashaud Breeland,94.0
Daryl Williams,156.0
Nazair Jones,2.0
Jalyn Holmes,34.0
Alexander Mattison,103.96
Alex Highsmith,171.88
Ambry Thomas,39.760000000000005
Sam Acho,4.0
Alex Okafor,44.0
Devonta Freeman,72.0
Sheldon Day,18.0
Trey Hendrickson,272.0
Keke Coutee,30.0
Davion Taylor,33.82
Ernest Jones,105.64
Leo Chenal,79.4
Luke Stocker,8.0
Tavon Young,42.0
C.J. Beathard,18.0
Nyheim Hines,158.0
Ryan Finley,13.92
Terrell Burgess,29.759999999999998
Brandon Stephens,83.52
Nigel Bradham,42.0
Jamison Crowder,90.0
Parker Ehinger,4.0
James Conner,198.0
Antonio Callaway,12.0
C.J. Gardner-Johnson,127.86
Adam Trautman,59.58
Baron Browning,123.16
Bruce Ellington,4.0
Eric Murray,80.0
Josey Jewell,158.0
Maxx Crosby,273.76
Tyre Phillips,81.28
Cade Otton,67.6
Justin Ellis,68.0
Justin Hardy,10.0
Chris Moore,60.0
Chris Herndon,20.0
Anthony Nelson,93.74
Akeem Davis-Gaither,51.22
Michael Carter,110.44
Dameon Pierce,97.4
Cassius Marsh,20.0
Ryan Smith,16.0
Vince Biegel,14.0
Julian Love,113.64
Saahdiq Charles,46.92
Darren Hall,59.84
T.J. Lang,6.0
David Bakhtiari,248.0
Ross Cockrell,38.0
Clayton Geathers,24.0
B.J. Goodson,68.0
Jaleel Johnson,76.0
Troy Apke,36.0
Khari Willis,77.58
John Simpson,92.74
Coby Bryant,55.8
Maurice Alexander,6.0
T.J. Clemmings,0.0
Tyler Higbee,154.0
Dede Westbrook,32.0
Nick Nelson,2.0
Mitch Wishnowsky,29.58
Darnay Holmes,54.74
James Hudson,57.480000000000004
Daniel Faalele,55.8
Russell Bodine,6.0
Miles Killebrew,38.0
Tedric Thompson,20.0
Brian Allen,116.0
Kendall Sheffield,33.54
Solomon Kindley,48.62
Cameron Sample,49.239999999999995
Max Mitchell,55.4
Glover Quin,12.0
Bobby Massie,106.0
DaQuan Jones,236.0
Eddie Jackson,180.0
Mark Walton,10.0
Joshua Kelley,66.5
Amon-Ra St. Brown,215.0
Daniel Bellinger,65.0
Kyle Wilber,6.0
Nick Kwiatkoski,76.0
Rayshawn Jenkins,158.0
DaeSean Hamilton,24.0
Justice Hill,41.4
Troy Pride Jr.,28.2
Derrick Barnes,64.4
Percy Butler,44.0
B.W. Webb,26.0
Aaron Colvin,8.0
Jamil Douglas,18.0
Samaje Perine,96.0
Da'Shawn Hand,20.0
Dru Samia,21.32
Leki Fotu,71.96000000000001
Drew Dalman,97.92
Dane Belton,63.2
Coty Sensabaugh,12.0
Ibraheim Campbell,4.0
De'Vondre Campbell,262.0
Joel Iyiegbuniwe,30.0
Christian Miller,7.26
Harrison Bryant,57.78
Jabril Cox,37.56
Damarri Mathis,72.6
Zak DeOssie,8.0
Orson Charles,0.0
Earl Watford,14.0
Rodney Gunter,30.0
Hassan Ridgeway,68.0
Carl Lawson,126.0
Dorance Armstrong Jr.,106.0
Amani Hooker,91.26
Ben Bartch,59.78
Elerson Smith,27.56
Joe Looney,52.0
Blake Bell,18.0
Pharoh Cooper,14.0
Josh Reynolds,126.0
Jordan Whitehead,170.0
Austin Bryant,43.26
D.J. Wonnum,97.78
Bobby Brown,37.56
Micheal Clemons,42.6
Stephen Gostkowski,18.0
Jarius Wright,16.0
Martavis Bryant,4.0
Ramik Wilson,6.0
Juston Burris,74.0
Mack Hollins,96.0
Anthony Averett,86.0
Hjalte Froholdt,33.26
Albert Okwuegbunam,49.78
Chris Rumph,37.56
Akayleb Evans,42.6
Brandon Marshall,2.0
Anthony Hitchens,124.0
Andrew Donnal,0.0
Tyler Ervin,12.0
Tarik Cohen,46.0
Kyzir White,148.0
Sheldrick Redwine,23.2
Mykal Walker,103.6
Kene Nwangwu,45.2
Jalyn Armour-Davis,42.0
Geno Atkins,58.0
Gerald Hodges,8.0
Logan Thomas,72.0
David Onyemata,216.0
Ben Gedeon,18.0
Will Dissly,68.0
La'Mical Perine,21.48
Rhamondre Stevenson,148.96
Brandon Smith,41.6
Taron Johnson,148.0
Logan Stenberg,39.18
Jack Jones,50.6
J.C. Tretter,144.0
Za'Darius Smith,234.0
Andrew Billings,86.0
Kenny Young,104.0
Benny Snell Jr.,42.96
Domata Peko,34.0
Al Woods,136.0
Jerald Hawkins,6.0
Montae Nicholson,26.0
Durham Smythe,46.0
Ben Powers,128.94
Zech McPhearson,35.64
Kwon Alexander,164.0
Deon Bush,38.0
Jalen Reeves-Maybin,72.0
Armani Watts,4.0
Phil Haynes,30.88
Anthony McFarland Jr.,14.64
John Bates,43.28
Jermon Bushrod,8.0
Walt Aikens,6.0
Javorius Allen,4.0
Antonio Morrison,8.0
Samson Ebukam,198.0
Avonte Maddox,84.0
Renell Wren,10.879999999999999
Camryn Bynum,93.28
Bilal Powell,10.0
William Gholston,152.0
Mike Davis,92.0
Demarcus Robinson,116.0
Ito Smith,22.0
Riley Ridley,6.88
Charlie Heck,74.64
Chuba Hubbard,97.28
Neil Farrell,38.8
Pierre Desir,60.0
Damien Wilson,158.0
Deiondre' Hall,2.0
Michael Roberts,2.0
K'Von Wallace,20.4
Kylen Granson,44.8
Rhett Ellison,8.0
Tre Boston,66.0
Jon Feliciano,140.0
Evan Boehm,22.0
Kentavius Street,48.0
Tony Pollard,212.76
Gabriel Davis,174.28
Dan Moore,152.56
John Simon,102.0
Dontae Johnson,28.0
Derrick Kindred,4.0
David Sharpe,14.0
Will Richardson,22.0
Isaiah Johnson,8.54
Jake Ferguson,45.4
Darren Sproles,8.0
Kyle Juszczyk,74.0
James White,72.0
Alex Lewis,44.0
Julie'n Davenport,56.0
Josh Sweat,172.0
Drue Tranquill,118.52
James Lynch,49.56
Robert Rochell,41.12
Jordan Stout,45.2
Shaq Mason,188.0
Blake Martinez,130.0
Deatrich Wise Jr.,202.0
Kalen Ballage,26.0
Wes Martin,36.48
Rashard Lawrence,57.44
Hassan Haskins,34.8
Mike Daniels,50.0
Kevin Pierre-Louis,58.0
Ugo Amadi,42.44
Troy Dye,45.32
Tommy Togiai,34.64
Romeo Doubs,64.4
Levine Toilolo,4.0
Nevin Lawson,52.0
Max Garcia,92.0
Rashard Robinson,8.0
Ryan Switzer,4.0
Jarrett Stidham,38.44
Colby Parkinson,37.32
Jake Camarda,64.4
Kyle Williams,24.0
Brent Urban,62.0
Mark Glowinski,206.0
Kenneth Dixon,4.0
Jamaal Williams,190.0
Chase Edmonds,138.0
Greg Gaines,116.44
Jaylinn Hawkins,89.32
Spencer Burford,94.4
Dak Prescott,346.0
Joshua Dobbs,10.0
John Franklin-Myers,150.0
John Cominsky,58.42
Kevin Dotson,113.26
Rashad Weaver,54.519999999999996
Joshua Williams,44.2
Kendrick Lewis,4.0
Anthony Sherman,2.0
Devontae Booker,74.0
Sean Harlow,44.0
Marquis Haynes,54.0
Michael Jordan,76.4
Brycen Hopkins,17.2
Marco Wilson,104.4
Cordell Volson,114.0
Buster Skrine,40.0
Malik Jackson,84.0
Dakota Dozier,56.0
Grady Jarrett,240.0
Dean Lowry,194.0
Zach Banner,10.0
Dalton Schultz,148.0
Foster Moreau,76.34
Josiah Scott,35.019999999999996
Tre Brown,22.04
Bailey Zappe,43.4
Marcus Cannon,70.0
Tahir Whitehead,66.0
Seth Devalve,6.0
Ryan Glasgow,4.0
L'Jarius Sneed,124.96
Josh Ball,23.92
Jehu Chesson,0.0
R.J. McIntosh,4.0
Deionte Thompson,18.32
Amik Robertson,44.96
D'Ante Smith,21.92
Isaiah Likely,63.2
Brandon Carr,34.0
Najee Goode,12.0
Cameron Fleming,134.0
Tajae Sharpe,34.0
Wayne Gallman,46.0
Maurice Hurst Jr.,32.0
Ryquell Armstead,10.32
Shaquille Quarterman,30.96
Zach Tom,53.2
Oday Aboushi,78.0
Chad Hansen,12.0
Shaquem Griffin,14.0
Zach Gentry,20.12
John Reid,20.36
Kevin Huber,64.0
Brandon Marshall,6.0
Ryan Grant,6.0
Adrian Amos,162.0
Ronald Blair,28.0
Carlos Watkins,122.0
D.J. Reed,128.0
Ben Burr-Kirven,12.06
Royce Newman,116.36
Cobie Durant,40.6
Orlando Scandrick,8.0
Josh Norman,76.0
MyCole Pruitt,40.0
DeAndre Washington,18.0
Marlon Mack,64.0
Ja'Whaun Bentley,222.0
Ryan Connelly,23.96
Ben Bredeson,49.88
Tyree Gillespie,19.759999999999998
Chigoziem Okonkwo,59.6
Sherrick McManis,12.0
Kenny Stills,34.0
Telvin Smith,20.0
Connor McGovern,166.0
Grover Stewart,202.0
Justin Watson,34.0
Marvell Tell III,5.9399999999999995
DeeJay Dallas,53.82
Sam Howell,29.4
Jacquizz Rodgers,6.0
Bobby McCain,154.0
Jake Butt,2.0
Bilal Nichols,200.0
Matt Gay,115.94
Jack Driscoll,87.82
Stefon Diggs,404.0
Matt Judon,342.0
George Kittle,238.0
Tre Flowers,90.0
Amani Oruwariye,89.92
Tyler Biadasz,163.76
Jamien Sherwood,29.52
Micah McFadden,59.2
Steven Means,74.0
Ricardo Allen,54.0
Quinton Jefferson,126.0
Micah Kiser,48.0
Khalid Kareem,19.759999999999998
Brevin Jordan,29.52
A.J. Klein,130.0
Bene Benwikere,6.0
Caleb Benenoch,16.0
Blair Brown,2.0
Marcus Allen,42.0
Dre Greenlaw,161.88
Alton Robinson,27.64
Ta'Quon Graham,67.28
Khalil Shakir,38.8
Dion Lewis,36.0
Kevin Pamphile,2.0
Jay Ajayi,2.0
Damontae Kazee,98.0
Michael Dickson,92.0
Hunter Renfrow,147.84
Danny Pinter,47.519999999999996
Evan McPherson,73.03999999999999
Aaron Lynch,16.0
Jordan Howard,50.0
Jordan Leggett,2.0
Genard Avery,68.0
Kingsley Keke,59.84
Shane Lemieux,23.52
Kenneth Gainwell,91.03999999999999
Thomas Booker,28.4
Senio Kelemete,50.0
Avery Williamson,48.0
Joe Dahl,38.0
Desmond King,144.0
Davontae Harris,24.0
Andrew Van Ginkel,147.76
Larry Borom,84.56
Tyler Allgeier,97.6
Nat Berhe,0.0
Matthew Ioannidis,122.0
Corn Elder,8.0
Dane Cruikshank,22.0
Qadree Ollison,9.74
Kenny Robinson Jr.,13.219999999999999
Caden Sterns,26.439999999999998
Dennis Kelly,122.0
Kyle Emanuel,8.0
Wendell Smallwood,12.0
Jake Elliott,100.0
Tyrell Crosby,52.0
Colton McKivitz,27.22
Tony Fields,58.44
Riq Woolen,117.4
Richard Sherman,86.0
Korey Toomer,2.0
Chris Thompson,28.0
Tyeler Davison,106.0
Jeremy Sprinkle,8.0
Siran Neal,30.0
Jason Strowbridge,11.1
Michael Carter,64.2
Niles Paul,2.0
Joe Haeg,38.0
Jayon Brown,126.0
Scott Quessenberry,94.0
Mack Wilson,101.7
Trevis Gipson,83.1
Jaylon Moore,46.2
Jonathan Williams,8.0
Brian Hill,38.0
Troy Fumagalli,6.0
Justin Hollins,65.7
Keith Ismael,21.1
Isaiahh Loudermilk,46.2
C.J. Uzomah,68.0
LeShaun Sims,36.0
Will Holden,16.0
Tyler Conklin,98.0
Blake Cashman,39.64
Daniel Thomas,10.92
Ihmir Smith-Marsette,17.84
Zyon McCollum,36.4
Jack Crawford,42.0
Luke Willson,6.0
Caraun Reid,6.0
Brandon Shell,162.0
Nate Hairston,26.0
Andrew Brown,8.0
Michael Jackson,61.64
Bryce Hall,56.92
Daviyon Nixon,19.84
Lee Smith,2.0
Micah Hyde,182.0
Chris Smith,14.0
Jermaine Eluemunor,116.0
Daurice Fountain,0.0
Byron Cowart,63.64
Brenden Jaimes,27.84
Eric Johnson,26.4
Josh Johnson,20.0
Jesse James,24.0
Kentrell Brothers,6.0
Roderick Johnson,24.0
Ogbonnia Okoronkwo,68.0
Nick Harris,18.86
Otito Ogbonnia,26.2
Randy Bullock,88.0
Corey Linsley,290.0
Christian Westerman,2.0
Anthony Walker,126.0
Jermaine Carter Jr.,104.0
Charles Omenihu,69.58
Tyler Johnson,40.74
Tommy Doyle,17.48
Jeremy McNichols,36.0
Khaleke Hudson,34.68
Noah Gray,39.36
Reshad Jones,14.0
Daniel Kilgore,40.0
Jordan Mills,30.0
Trevor Davis,4.0
Matt Milano,346.0
Tim Settle,56.0
Jake Bailey,45.5
Kindle Vildor,56.5
Darrick Forrest,59.0
Kyle Philips,25.0
Thomas Morstead,62.0
Mike Gillislee,0.0
A.J. McCarron,4.0
Lorenzo Doss,0.0
Halapoulivaati Vaitai,102.0
Isaac Asiata,0.0
Natrell Jamerson,2.0
E.J. Speed,41.46
Kyren Williams,34.6
Pernell McPhee,62.0
Sam Martin,66.0
Bradley Pinion,52.0
Tyreek Hill,390.0
Jamal Agnew,70.0
Jaylen Samuels,24.0
Joe Jackson,9.46
Collin Johnson,24.38
Marvin Jones,170.0
Joe Cardona,30.0
D.J. Reader,168.0
Shelton Gibson,0.0
Wyatt Teller,218.0
Quintez Cephus,38.38
Keith Taylor,44.76
George Iloka,4.0
Marqui Christian,18.0
Avery Moss,8.0
Daniel Carlson,126.0
Jake Fromm,12.379999999999999
Nate Hobbs,62.76
DaRon Bland,54.6
Corey Graham,8.0
Ricky Wagner,70.0
Michael Burton,0.0
Marquel Lee,20.0
Jamarco Jones,40.0
John Hightower,10.26
Braxton Jones,94.2
Marshall Newhouse,20.0
David Mayo,84.0
Treston Decoud,0.0
Jordan Wilkins,32.0
David Edwards,161.42
Harrison Hand,18.259999999999998
Richard LeCounte,16.52
Eric Kush,24.0
Tye Smith,10.0
Cole Toner,12.0
Darius Phillips,36.0
Austin Seibert,21.42
Broderick Washington Jr.,70.26
Garret Wallow,44.519999999999996
Teagan Quitoriano,24.2
Greg Zuerlein,78.0
Nick Boyle,26.0
Alex Collins,36.0
Nathan Peterman,12.0
Mike White,46.0
Darius Slayton,147.36
Brandon Fusco,8.0
D.J. Alexander,2.0
Rashard Higgins,60.0
Isaiah McKenzie,102.0
JK Scott,44.0
Jordan Miller,5.32
Deommodore Lenoir,65.92
Samuel Womack,33.2
Alfred Morris,12.0
Wesley Johnson,2.0
James O'Shaughnessy,34.0
Brian Allen,0.0
Johnny Townsend,4.0
Cole Holcomb,155.3
Darnell Mooney,171.9
Tedarrell Slaton,35.8
Charles Clay,10.0
Devon Kennard,100.0
Cameron Artis-Payne,2.0
Eric Saubert,10.0
Marquez Valdes-Scantling,164.0
KeeSean Johnson,21.26
Larrell Murchison,33.78
Earnest Brown IV,17.56
Dominique Robinson,42.6
Delanie Walker,8.0
Jatavis Brown,18.0
Damion Ratley,16.0
Kamal Martin,29.42
Jason Pinnock,34.84
Dwayne Harris,2.0
David Quessenberry,126.0
Andy Janovich,2.0
John Kelly,2.0
Kaden Smith,15.14
K.J. Osborn,93.42
K.J. Britt,24.84
Damone Clark,41.4
Don Carey,0.0
Justin Bethel,34.0
Dustin Hopkins,76.0
Trent Taylor,10.0
Duke Ejiofor,2.0
Michael Danna,43.42
James Mitchell,21.4
Nick Folk,90.0
Aldrick Robinson,4.0
Davon Godchaux,212.0
Gardner Minshew II,119.08
Justin Strnad,27.240000000000002
Shemar Jean-Charles,14.48
John Ridgeway,40.8
Sam Young,26.0
Jon Halapio,30.0
Parry Nickerson,6.0
Lamont Gaillard,13.02
Bradlee Anae,9.06
Kingsley Enagbare,50.2
Tyrod Taylor,26.0
Michael Bennett,0.0
Danny Isidora,8.0
Folorunso Fatukasi,128.0
Corey Ballentine,11.02
Hakeem Adeniji,73.06
Talanoa Hufanga,152.12
Latavius Murray,138.0
Alfred Blue,10.0
Kylie Fitts,6.0
Jaquan Johnson,38.96
Netane Muti,24.88
Kyron Johnson,19.6
Kenjon Barner,4.0
Antone Exum,6.0
Aaron Jones,336.0
Michael Onwenu,154.88
Adetokunbo Ogundeji,97.76
Devante Bond,4.0
Ukeme Eligwe,2.0
Justin Skule,38.96
Cam Brown,26.88
Kaelin Clay,0.0
Jerell Adams,0.0
Nathan Gerry,74.0
Marcell Harris,96.0
Travis Fulgham,24.96
Bravvion Roy,72.88
DeAndre Houston-Carson,54.0
Caleb Brantley,0.0
Deon Cain,4.0
Ka'dar Hollman,6.9
Blake Ferguson,26.7
Nick Niemann,23.4
Christian Benford,29.0
Geremy Davis,0.0
Jakeem Grant,56.0
Chuck Clark,194.0
Jacob Martin,78.0
Ty Johnson,62.9
Alohi Gilman,46.7
Hamsah Nasirildeen,23.4
John Sullivan,22.0
Michael Tyson,2.0
Ray-Ray McCloud,52.0
Donovan Peoples-Jones,150.58
Andy Lee,76.0
Danny Trevathan,82.0
E.J. Gaines,2.0
Elijah McGuire,6.0
Simeon Thomas,4.0
David Long,122.8
Tyler Bass,74.4
Malcolm Rodriguez,68.0
T.J. Jones,2.0
Anthony Brown,114.0
Tanzel Smart,4.0
Drew Forbes,10.58
Jake Luton,13.74
Amare Barno,15.8
Colin Jones,8.0
Rex Burkhead,82.0
Sam Tevi,86.0
DeShon Elliott,106.0
Armon Watts,94.58
Trey Hill,29.48
Jason Kelce,378.0
Pat O'Donnell,56.0
Xavier Woods,166.0
Marcus Epps,84.58
Braden Mann,57.74
Tarron Jackson,11.48
Jalen Nailor,15.8
Matthew Bosher,4.0
Darius Philon,28.0
Alex Armah,0.0
Jamil Demby,4.0
Isaiah Buggs,84.56
Jon Runyan Jr.,161.68
Quinton Bohanna,59.36
Mason Crosby,94.0
Tom Compton,64.0
Zach Fulton,86.0
Jordan Evans,22.0
Chris Covington,0.0
Oli Udoh,56.56
Spencer Ware,12.0
Nick O'Leary,6.0
Vincent Taylor,18.0
Russell Gage,138.0
Elijah Mitchell,79.36
Antonio Brown,94.0
Wes Schweitzer,96.0
Tanner Vallejo,28.0
Sebastian Joseph-Day,188.0
Xavier Crawford,8.56
Justin Herron,43.68
Roy Lopez,121.36
Jamaree Salyer,75.6
Blake Countess,2.0
Al-Quadin Muhammad,120.0
Tremon Smith,46.0
Blessuan Austin,34.56
Shaun Bradley,25.68
Gary Brightwell,13.36
Nate Ebner,12.0
Danny Vitale,4.0
Jeremy Clark,0.0
Shaun Dion Hamilton,32.0
Trace McSorley,10.56
John Penisini,39.68
Zach Moore,4.0
D.J. Jones,214.0
Kahlil McKenzie,6.0
Antoine Brooks Jr.,9.56
Larry Rountree,11.120000000000001
Grant Calcaterra,15.2
Tom Brady,394.0
Theo Riddick,8.0
Cody Core,2.0
Chase Roullier,104.0
Luke Falk,4.0
Jordan Fuller,71.38
Cade Mays,14.6
Laurent Duvernay-Tardif,64.0
Quandre Diggs,234.0
Foyesade Oluokun,196.0
Emeke Egbule,10.42
Quez Watkins,97.26
Brandin Echols,44.52
Ryan Griffin,36.0
Brandon Allen,20.0
Boston Scott,74.0
Rashad Fenton,50.42
James Proche,27.26
Keaontay Ingram,14.2
A.J. Derby,0.0
Anthony Zettel,2.0
Jack Cichy,0.0
Isaiah Prince,28.3
Chris Evans,17.8
Sam Koch,42.0
Jason McCourty,68.0
Ryan Jensen,182.0
Darius Kilgo,2.0
Blake Brandel,28.9
Virgil Green,8.0
Darren Waller,180.0
Jordan Lucas,8.0
Trenton Cannon,4.0
Travis Homer,62.26
Cassh Maluia,6.78
Shi Smith,31.56
Theo Jackson,12.6
Pierre Garcon,4.0
Ted Larsen,14.0
Stacy McGee,8.0
Luke Bowanko,4.0
Duke Shelley,38.22
Josh Metellus,34.66
Vince Williams,80.0
Matt Pryor,100.0
Kelvin Harmon,12.22
Landon Young,21.32
Matt Henningsen,12.2
Antoine Bethea,34.0
Matt Paradis,98.0
Jeff Driskel,32.0
Brandon Wilson,22.0
Equanimeous St. Brown,50.0
Ulysees Gilbert,12.22
Isaiah Hodgins,30.66
Kamu Grugier-Hill,122.0
Rudy Ford,58.0
Cedrick Wilson Jr.,40.0
Scott Miller,56.14
Jake Hanson,10.42
Stone Forsythe,28.84
Connor Heyward,11.4
Brice Butler,0.0
Quincy Enunwa,8.0
Maurice Canady,8.0
Robert Davis,0.0
Cornell Armstrong,18.0
Braxton Berrios,72.0
Victor Dimukeje,18.84
Conor McDermott,48.0
Jordan Thomas,4.0
Isaiah Rodgers,68.42
Demetric Felton,16.84
Marquis Flowers,0.0
Anthony Chickillo,14.0
Kavon Frazier,8.0
Greg Senat,6.0
Dennis Daley,104.14
Damar Hamlin,58.84
Derion Kendrick,21.4
Derek Anderson,2.0
Colby Gossett,30.0
Donovan Wilson,88.14
Jordan Glasgow,14.42
Rachad Wildgoose,20.84
Garrett Gilbert,14.0
Elandon Roberts,212.0
Peter Kalambayi,12.0
Darwin Thompson,10.14
Freddie Swain,36.42
Ja'Sir Taylor,21.4
Tommy Bohanon,0.0
Daniel McCullers,8.0
Joey Hunt,20.0
Bradley Bozeman,172.0
Markus Bailey,50.42
Lecitus Smith,11.4
Captain Munnerlyn,6.0
Andre Hal,4.0
Christian Covington,78.0
Nick Allegretti,72.1
Kamren Curl,114.3
Quincy Roche,16.6
Rakeem Nunez-Roches,116.0
Rico Gathers,0.0
Corey Levin,32.0
Keishawn Bierria,2.0
Kris Boyd,42.1
Jauan Jennings,56.3
Khalil Herbert,74.6
James Houston,21.0
J'Marcus Webb,18.0
Jordan Poyer,262.0
Kevon Seymour,18.0
Carter Coughlin,30.3
Sam Ehlinger,20.6
Ko Kieft,11.0
T.J. Carrie,50.0
Hayes Pullard,2.0
Will Parks,40.0
Stacy Coley,0.0
Geno Stone,56.3
Shamar Stephen,84.0
Ifeadi Odenigbo,66.0
K.J. Hill,6.3
Isaiah McDuffie,28.6
Ted Karras,214.0
Shalom Luani,2.0
Matthew Adams,54.0
Austin Reiter,94.0
Kerrith Whyte Jr,4.04
Eno Benjamin,38.12
Montaric Brown,10.4
Nick Williams,122.0
Jullian Taylor,4.0
Chris Claybrooks,38.12
Donnie Jones,2.0
Beau Allen,12.0
Bryce Hager,18.0
Zane Gonzalez,60.0
Javon Wims,4.0
J.R. Sweezy,78.0
Jake Rodgers,4.0
Isaac Rochell,52.0
Devante Downs,32.0
Darryl Johnson,24.04
Camaron Cheeseman,18.24
Mark Robinson,10.4
A.Q. Shipley,38.0
Bobby Hart,88.0
Jonathan Woodard,2.0
David Moore,50.0
Ty Summers,16.0
Arlington Hambright,6.0
Trey Smith,160.0
Stephen Weatherly,42.0
Jimmy Moreland,26.0
Israel Mukuamu,20.0
Riley Dixon,70.0
Marcell Ateman,6.0
Tommy Sweeney,4.0
Sterling Hofrichter,6.0
Tariq Carpenter,10.0
Adrian Colbert,26.0
Jason Sanders,98.0
James Smith-Williams,100.0
Matt Cassel,0.0
Nathan Stupar,6.0
Marcus Murphy,2.0
Josh Harvey-Clemons,8.0
Leon Jacobs,26.0
Jimmy Morrissey,8.0
Travin Howard,20.0
Ben DiNucci,6.0
Baylon Spector,10.0
Julian Edelman,76.0
Edmond Robinson,6.0
Elijah Lee,36.0
Carlos Davis,6.0
Lawrence Guy,270.0
Jalen Mills,130.0
Harrison Butker,88.0
Jordan Mailata,170.0
Chandler Cox,0.0
Casey Toohill,44.0
Andre Smith,26.0
Myles Gaskin,86.0
Clay Johnston,18.0
Patrick Johnson,26.0
Shelby Harris,202.0
Lac Edwards,26.0
Zaire Franklin,140.0
Mark Nzeocha,12.0
Dwayne Washington,6.0
Bo Scarbrough,8.0
Vernon Scott,6.0
Jack Anderson,18.0
Deane Leonard,10.0
Seantrel Henderson,6.0
Brian Mihalik,2.0
Isaiah Ford,28.0
Nick Bawden,0.0
Thakarius Keyes,6.0
Zach Sieler,138.0
Matt Farniok,18.0
Thayer Munford,30.0
Michael Person,46.0
Trevor Bates,2.0
Noah Brown,82.0
Hunter Bradley,12.0
Dane Jackson,90.0
Jonathon Cooper,82.0
Rodney Thomas II,40.0
Corey Robinson,2.0
Richie James,90.0
Christian Holmes,20.0
Greg Stroman,4.0
Chapelle Russell,14.0
Malcolm Smith,60.0
Corey Nelson,4.0
Cortez Broughton,6.0
Jonathan Garvin,24.0
Clark Harris,20.0
Kemal Ishmael,6.0
Kyle Fuller,48.0
Keion Crossen,36.0
Nick Scott,68.0
Chris Jackson,14.0
Jaylen Watson,30.0
Ricky Jean-Francois,10.0
Kurt Coleman,10.0
Trent Brown,170.0
Jayron Kearse,112.0
Treyvon Hester,6.0
Justin Lawler,2.0
Kaden Elliss,82.0
Christian Matthew,20.0
Clayton Fejedelem,30.0
Will Clapp,54.0
Tre Norwood,26.0
Charles Leno Jr.,224.0
Geoff Swaim,26.0
Tyler Matakevich,40.0
Malcolm Perry,6.0
Darryl Roberts,44.0
Malachi Dupre,0.0
Logan Cooke,88.0
Olabisi Johnson,24.0
Skylar Thompson,20.0
Kelvin Beachum,218.0
Austin Blythe,170.0
Joshua Miles,12.0
Will Fries,30.0
Clinton McDonald,8.0
Akeem King,10.0
Chris Carson,122.0
Michael Dogbe,36.0
Ben Skowronek,48.0
Ryan Fitzpatrick,96.0
Trevor Siemian,42.0
Pat O'Connor,28.0
Ryan Izzo,16.0
Austin Cutting,4.0
Tremayne Anchrum,6.0
Khyiris Tonga,16.0
Joe Walker,18.0
Justin Jackson,80.0
Dakota Allen,14.0
Isiah Pacheco,70.0
Marcus Cooper,0.0
Matthew Dayes,0.0
Ken Webster,8.0
Jeff Gunter,10.0
Auden Tate,22.0
Jordan Brailford,6.0
Terrance Mitchell,96.0
Korey Cunningham,18.0
Pressley Harvin III,28.0
Elijah Hicks,10.0
Denzelle Good,64.0
Tae Crowder,136.0
Trenton Gill,20.0
Ryan Succop,60.0
Trey Quinn,6.0
Jermar Jefferson,8.0
Dax Milne,8.0
Nazeeh Johnson,10.0
AJ Arcuri,10.0
Brock Purdy,60.0
